{"cameraMode":{"drawMode":0,"name":"Shaded","section":"Shading Mode"},"sceneLighting":false,"audioPlay":false,"sceneViewState":{"m_AlwaysRefresh":false,"showFog":true,"showSkybox":false,"showFlares":true,"showImageEffects":true,"showParticleSystems":true,"showVisualEffectGraphs":true,"m_FxEnabled":true},"in2DMode":false,"pivot":{"x":-0.3586561977863312,"y":2.8278558254241945,"z":8.422415733337403},"rotation":{"x":-0.00018315797206014395,"y":-0.99892258644104,"z":0.047694023698568347,"w":-0.0032508380245417358},"size":0.000017320508050033823,"orthographic":false}