{"cameraMode":{"drawMode":0,"name":"Shaded","section":"Shading Mode"},"sceneLighting":false,"audioPlay":false,"sceneViewState":{"m_AlwaysRefresh":false,"showFog":true,"showSkybox":false,"showFlares":true,"showImageEffects":true,"showParticleSystems":true,"showVisualEffectGraphs":true,"m_FxEnabled":true},"in2DMode":false,"pivot":{"x":5.164374828338623,"y":3.2724430561065676,"z":6.370547294616699},"rotation":{"x":0.0034635497722774746,"y":-0.9945122003555298,"z":0.03523426502943039,"w":0.09912817180156708},"size":0.000017320508050033823,"orthographic":false}