{"cameraMode":{"drawMode":0,"name":"Shaded","section":"Shading Mode"},"sceneLighting":false,"audioPlay":false,"sceneViewState":{"m_AlwaysRefresh":false,"showFog":true,"showSkybox":false,"showFlares":true,"showImageEffects":true,"showParticleSystems":true,"showVisualEffectGraphs":true,"m_FxEnabled":true},"in2DMode":false,"pivot":{"x":0.45405539870262148,"y":-2.755289316177368,"z":7.652029514312744},"rotation":{"x":0.008684087544679642,"y":-0.9913179874420166,"z":0.09037374705076218,"w":0.09581005573272705},"size":0.0006826794706285,"orthographic":false}